Month,Low_p05,Low_p16,Low_p50,Low_p84,Low_p95,High_p05,High_p16,High_p50,High_p84,High_p95
2026-05,68259.02780843341,71232.22151263934,74762.45840576518,77065.49202518207,78648.99469774468,75218.25400382541,76584.69032609774,79150.76033242166,83545.37593954631,86759.91565747002
2026-06,61705.89544732844,66707.4550979153,73292.32874850839,79669.55521613597,84231.9565863841,73794.85501226646,78347.95435560888,86955.00409134784,99222.55844141806,109056.90219743535
2026-07,61810.024493051154,68687.43590533956,79981.18619099814,93557.30357827141,104378.25695083675,74172.93299818996,82339.98044408258,98278.01858958295,118855.1189343841,136198.4550860911
2026-08,64474.31407138801,73536.06218664734,90733.81400034884,111772.77328840678,128943.14326836042,76926.02712686705,88297.14529377669,110609.03721453168,139266.61495632958,163989.83585561073
2026-09,64631.53980519811,76915.56340122453,98562.64988307393,126919.80033303528,150613.12152296124,77076.42904422228,91277.55532208079,117229.20561163218,152615.0364377858,182546.36531437788
2026-10,59653.27938490782,72875.18878158198,96992.32731669709,129818.96084377181,157102.8595025177,73275.82193332122,88280.51831748008,116285.63031802062,155347.13796492884,188174.32618177906
2026-11,52264.241259469265,65007.300196765274,89989.66835141255,123283.93127347397,153608.26406933763,65155.53811145645,80221.43171090055,108695.86236442428,148345.0131310842,183760.50055715608
2026-12,46586.67627915732,58583.75231965576,83191.41187464946,116877.22633438272,147159.89700898,56895.85406034837,71520.10731243544,100182.1319659446,140270.9421522607,175653.15177178994
2027-01,44030.6324606828,56139.55103681725,81388.2417574753,117189.71709046724,147291.5789360033,52481.01425062846,67343.0896760889,96945.06213236868,139755.01514643853,177464.02364064218
2027-02,44625.26983068158,57735.277051974546,85160.65994193673,126036.32573080697,160585.02344622233,53101.16924766417,68831.46747162589,101989.79019196969,152792.78049006144,198014.64634590424
2027-03,47552.371976798146,62034.17246834253,93180.50092017773,141317.60950807738,184246.38270594034,57788.78492709407,75791.9964333633,115875.86425930078,176504.90310533755,232186.87495523875
2027-04,51848.57820416291,68531.76243513766,106444.62020080586,163413.9320499531,216406.2710238736,61835.75311510876,82492.63988514309,129356.25087842948,200730.54926229714,265822.21702115657
